connect  con1,localhost,root,,;
BACKUP STAGE START;
connection default;
#
# Testing with normal tables
#
create table t1 (a int) engine=myisam;
insert into t1 values (1),(2);
alter table t1 add column b int;
alter table t1 rename as t2;
rename table t2 to t1;
truncate table t1;
repair table t1;
Table	Op	Msg_type	Msg_text
test.t1	repair	status	OK
optimize table t1;
Table	Op	Msg_type	Msg_text
test.t1	optimize	status	OK
drop table t1;
create table t1_innodb (a int) engine=innodb;
insert into t1_innodb values (1),(2);
alter table t1_innodb add column b int;
alter table t1_innodb rename as t2_innodb;
rename table t2_innodb to t1_innodb;
truncate table t1_innodb;
repair table t1_innodb;
Table	Op	Msg_type	Msg_text
test.t1_innodb	repair	note	The storage engine for the table doesn't support repair
optimize table t1_innodb;
Table	Op	Msg_type	Msg_text
test.t1_innodb	optimize	note	Table does not support optimize, doing recreate + analyze instead
test.t1_innodb	optimize	status	OK
drop table t1_innodb;
#
# Testing with temporary tables (should not be logged)
#
create temporary table tmp_t10 (a int) engine=myisam;
alter table tmp_t10 add column b int;
alter table tmp_t10 rename as tmp_t11;
rename table tmp_t11 to tmp_t10;
truncate table tmp_t10;
drop table tmp_t10;
#
# Testing with mix of normal and temporary tables
#
create temporary table tmp_t20 (a int);
create table t20 (a int);
drop table tmp_t20,t20;
create temporary table tmp_t21 (a int);
create table t21 (a int);
drop temporary table if exists tmp_t21,t21;
Warnings:
Note	1051	Unknown table 'test.t21'
drop table if exists tmp_t21,t21;
Warnings:
Note	1051	Unknown table 'test.tmp_t21'
#
# Testing create select
#
create table t30 (a int);
insert into t30 values (1),(1);
create table t31 (a int primary key) select * from t30 limit 1;
create or replace table t31 select * from t30 limit 1;
create or replace temporary table t30_dup select * from t30 limit 1;
create or replace table t31 (a int primary key) select * from t30;
ERROR 23000: Duplicate entry '1' for key 'PRIMARY'
create table t32 (b int);
drop table if exists t30,t31,t32,tmp_t30;
Warnings:
Note	1051	Unknown table 'test.t31'
Note	1051	Unknown table 'test.tmp_t30'
#
# Testing create LIKE
#
create table t40 (a int) engine=myisam;
create table t41 (a int, b int) engine=innodb;
create table t42 like t40;
create temporary table t43_tmp like t40;
create or replace table t42 like t41;
show create table t42;
Table	Create Table
t42	CREATE TABLE `t42` (
  `a` int(11) DEFAULT NULL,
  `b` int(11) DEFAULT NULL
) ENGINE=InnoDB DEFAULT CHARSET=latin1
drop table t40, t41, t42;
#
# Testing rename
#
create table t50 (a int);
create table t51 (a int, b int);
rename table t50 to t52, t51 to t53;
rename table t52 to tmp, t53 to t52, tmp to t53;
drop table t52,t53;
#
# Testing enable/disable keys
#
CREATE TABLE t60 (i int(10), index(i) ) ENGINE=Aria;
INSERT INTO t60 VALUES(1),(2),(3);
ALTER TABLE t60 DISABLE KEYS;
INSERT INTO t60 VALUES(4),(5),(6);
ALTER TABLE t60 ENABLE KEYS;
DROP TABLE t60;
CREATE TEMPORARY TABLE t61 (i int(10), index(i) ) ENGINE=Aria;
INSERT INTO t61 VALUES(1),(2),(3);
ALTER TABLE t61 DISABLE KEYS;
DROP TABLE t61;
#
# Testing load data
#
create table t70 (a date, b date, c date not null, d date) engine=aria;
load data infile '../../std_data/loaddata1.dat' ignore into table t70 fields terminated by ',';
load data infile '../../std_data/loaddata1.dat' ignore into table t70 fields terminated by ',';
truncate table t70;
lock table t70 write;
load data infile '../../std_data/loaddata1.dat' ignore into table t70 fields terminated by ',';
load data infile '../../std_data/loaddata1.dat' ignore into table t70 fields terminated by ',';
unlock tables;
create table t71 (a date, b date, c date not null, d date) engine=aria;
lock tables t71 write, t70 read;
insert into t71 select * from t70;
unlock tables;
drop table t70,t71;
#
# Testing strange table names
#
create table `t 1` (a int);
drop table `t 1`;
#
# Testing views and triggers
#
create table t80 (a int, b int) engine=myisam;
create view v1 as select * from t80;
create trigger trg before insert on t80 for each row set @b:=1;
drop trigger trg;
drop view v1;
drop table t80;
#
# Testing alter to a new storage engine
#
create table t85 (a int primary key, b int) engine=myisam;
alter table t85 engine=innodb;
drop table t85;
#
# Testing create/drop/alter database
#
create database mysqltest;
create table mysqltest.t90 (a int primary key, b int) engine=myisam;
create table mysqltest.t91 (a int primary key, b int) engine=innodb;
alter database mysqltest character set utf8;
drop database mysqltest;
#
# Reading backup ddl log file
#
CREATE,MyISAM,test,t1,id: 1,,,,
ALTER,MyISAM,test,t1,id: 1,MyISAM,test,t1,id: 2
RENAME,MyISAM,test,t1,id: 2,MyISAM,test,t2,id: 2
RENAME,MyISAM,test,t2,id: 2,MyISAM,test,t1,id: 2
repair,MyISAM,test,t1,id: 2,,,,
optimize,MyISAM,test,t1,id: 2,,,,
DROP,MyISAM,test,t1,id: 2,,,,
CREATE,InnoDB,test,t1_innodb,id: 3,,,,
ALTER,InnoDB,test,t1_innodb,id: 3,InnoDB,test,t1_innodb,id: 4
RENAME,InnoDB,test,t1_innodb,id: 4,InnoDB,test,t2_innodb,id: 4
RENAME,InnoDB,test,t2_innodb,id: 4,InnoDB,test,t1_innodb,id: 4
TRUNCATE,InnoDB,test,t1_innodb,id: 4,,,,
repair,InnoDB,test,t1_innodb,id: 4,,,,
ALTER,InnoDB,test,t1_innodb,id: 4,InnoDB,test,t1_innodb,id: 5
DROP,InnoDB,test,t1_innodb,id: 5,,,,
CREATE,MyISAM,test,t20,id: 6,,,,
DROP,MyISAM,test,t20,id: 6,,,,
CREATE,MyISAM,test,t21,id: 7,,,,
DROP,MyISAM,test,t21,id: 7,,,,
CREATE,MyISAM,test,t30,id: 8,,,,
CREATE,MyISAM,test,t31,id: 9,,,,
DROP,MyISAM,test,t31,id: 9,,,,
CREATE,MyISAM,test,t31,id: 10,,,,
DROP,MyISAM,test,t31,id: 10,,,,
DROP_AFTER_CREATE,MyISAM,test,t31,id: 11,,,,
CREATE,MyISAM,test,t32,id: 12,,,,
DROP,MyISAM,test,t30,id: 8,,,,
DROP,MyISAM,test,t32,id: 12,,,,
CREATE,MyISAM,test,t40,id: 13,,,,
CREATE,InnoDB,test,t41,id: 14,,,,
CREATE,MyISAM,test,t42,id: 15,,,,
DROP,MyISAM,test,t42,id: 15,,,,
CREATE,InnoDB,test,t42,id: 16,,,,
DROP,MyISAM,test,t40,id: 13,,,,
DROP,InnoDB,test,t41,id: 14,,,,
DROP,InnoDB,test,t42,id: 16,,,,
CREATE,MyISAM,test,t50,id: 17,,,,
CREATE,MyISAM,test,t51,id: 18,,,,
RENAME,MyISAM,test,t50,id: 17,MyISAM,test,t52,id: 17
RENAME,MyISAM,test,t51,id: 18,MyISAM,test,t53,id: 18
RENAME,MyISAM,test,t52,id: 17,MyISAM,test,tmp,id: 17
RENAME,MyISAM,test,t53,id: 18,MyISAM,test,t52,id: 18
RENAME,MyISAM,test,tmp,id: 17,MyISAM,test,t53,id: 17
DROP,MyISAM,test,t52,id: 18,,,,
DROP,MyISAM,test,t53,id: 17,,,,
CREATE,Aria,test,t60,id: 19,,,,
CHANGE_INDEX,Aria,test,t60,id: 19,,,,
CHANGE_INDEX,Aria,test,t60,id: 19,,,,
DROP,Aria,test,t60,id: 19,,,,
CREATE,Aria,test,t70,id: 20,,,,
BULK_INSERT,Aria,test,t70,id: 20,,,,
BULK_INSERT,Aria,test,t70,id: 20,,,,
CREATE,Aria,test,t71,id: 21,,,,
BULK_INSERT,Aria,test,t71,id: 21,,,,
DROP,Aria,test,t70,id: 20,,,,
DROP,Aria,test,t71,id: 21,,,,
CREATE,MyISAM,test,t@00201,id: 22,,,,
DROP,MyISAM,test,t@00201,id: 22,,,,
CREATE,MyISAM,test,t80,id: 23,,,,
CREATE,VIEW,test,v1,,,,,
CREATE,TRIGGER,test,trg,,,,,
DROP,TRIGGER,test,trg,,,,,
DROP,VIEW,test,v1,,,,,
DROP,MyISAM,test,t80,id: 23,,,,
CREATE,MyISAM,test,t85,id: 24,,,,
ALTER,MyISAM,test,t85,id: 24,InnoDB,test,t85,id: 25
DROP,InnoDB,test,t85,id: 25,,,,
CREATE,DATABASE,mysqltest,,,,,,
CREATE,MyISAM,mysqltest,t90,id: 26,,,,
CREATE,InnoDB,mysqltest,t91,id: 27,,,,
ALTER,DATABASE,mysqltest,,,,,,
DROP,MyISAM,mysqltest,t90,id: 26,,,,
DROP,InnoDB,mysqltest,t91,id: 27,,,,
DROP,DATABASE,mysqltest,,,,,,
#
# Cleanup
#
disconnect con1;
